{
"Host": "www.schneidersports.com",
"Connection": "keep-alive",
"Content-Length": "17693",
"Cache-Control": "max-age=0",
"Origin": "http://www.schneidersports.com",
"Upgrade-Insecure-Requests": "1",
"Content-Type": "multipart/form-data; boundary=----WebKitFormBoundary2blJ7RyYIJBf34Cq",
"User-Agent": "Mozilla/5.0 (Windows NT 10.0; Win64; x64) AppleWebKit/537.36 (KHTML, like Gecko) Chrome/69.0.3497.92 Safari/537.36",
"Accept": "text/html,application/xhtml+xml,application/xml;q=0.9,image/webp,image/apng,*/*;q=0.8",
"Referer": "http://www.schneidersports.com/mallinmall/goods/goods_reg.asp",
"Accept-Encoding": "gzip, deflate",
"Accept-Language": "ko-KR,ko;q=0.9,en-US;q=0.8,en;q=0.7",
"Cookie": "PUID=1536853329116656615; CMC_CUK45=CUK45_schneider1929_1536820929389; _ga=GA1.2.699523592.1536820929; _gid=GA1.2.333172086.1536820929; ACEFCID=UID-5B9A06C1286FD5DED6B10AA8; ASPSESSIONIDCQRQCRSC=EFPECLDBEAGCCPJEIDJPGNBF; CMCID=CMCID_schneider1929_1536883155881; ACEUCI=1; VISITCHK=T; wcs_bt=s_436fde7d377a:1536900773|s_2f6c7e410977:1536900773; DEALER=drtm=1536933191&drky=209c944009d1327b7ff93778820244e725216f992336a0358f74e80dfd2af331&drid=shoplink"
}